{"entity":{"transform":{"position":{"x":0.4447563588619232,"y":0.00543582160025835},"rotation":21.0,"scale":{"x":0.9200000166893005,"y":0.5}},"movement":{"speed":0.3499999940395355,"direction":{"x":0.2800000011920929,"y":0.3199999928474426}}}}