{"entity":{"transform":{"position":{"x":-0.29598739743232727,"y":0.00246928702108562},"rotation":-10.0,"scale":{"x":0.46000000834465027,"y":0.7400000095367432}},"movement":{"speed":0.11999999731779099,"direction":{"x":0.5199999809265137,"y":0.3199999928474426}}}}