{"entity":{"transform":{"position":{"x":-0.2800000011920929,"y":-0.7400000095367432},"rotation":139.0,"scale":{"x":0.5,"y":0.5}},"movement":{"speed":1.0,"direction":{"x":0.0,"y":1.0}}}}