{"entity":{"transform":{"position":{"x":1.698919653892517,"y":0.0},"rotation":0.0,"scale":{"x":0.5,"y":0.5}},"movement":{"speed":0.0,"direction":{"x":0.4000000059604645,"y":0.0}}}}