{"entity":{"transform":{"position":{"x":-0.8999999761581421,"y":0.0},"rotation":-2.0,"scale":{"x":1.9600000381469727,"y":1.0}},"movement":{"speed":0.0,"direction":{"x":0.0,"y":0.0}}}}