{"entity":{"transform":{"position":{"x":0.047668904066085815,"y":-0.1340123862028122},"rotation":0.0,"scale":{"x":0.5,"y":0.5}},"movement":{"speed":3.7200000286102295,"direction":{"x":0.0,"y":0.0}}}}