{"entity":{"transform":{"position":{"x":1.0,"y":0.5899999737739563},"rotation":44.0,"scale":{"x":1.0,"y":1.0}},"movement":{"speed":1.4900000095367432,"direction":{"x":-1.0,"y":0.0}}}}