{"entity":{"transform":{"position":{"x":0.6436759233474731,"y":-0.7372316122055054},"rotation":-8.0,"scale":{"x":0.0,"y":-0.6200000047683716}},"movement":{"speed":0.49000000953674316,"direction":{"x":1.0,"y":0.36000001430511475}}}}