{"entity":{"transform":{"position":{"x":0.0488566979765892,"y":0.0},"rotation":0.0,"scale":{"x":0.5,"y":0.5}},"movement":{"speed":0.009999999776482582,"direction":{"x":0.36000001430511475,"y":0.0}}}}