{"entity":{"transform":{"position":{"x":0.784109890460968,"y":0.09897547215223312},"rotation":-89.0,"scale":{"x":1.7799999713897705,"y":2.0}},"movement":{"speed":1.0,"direction":{"x":0.0,"y":0.0}}}}