{"entity":{"transform":{"position":{"x":0.2199999988079071,"y":0.0},"rotation":0.0,"scale":{"x":0.18000000715255737,"y":2.0}},"movement":{"speed":1.0,"direction":{"x":0.0,"y":1.0}}}}