{"entity":{"transform":{"position":{"x":-0.45423081517219543,"y":-0.7115552425384521},"rotation":-62.0,"scale":{"x":0.5,"y":0.5}},"movement":{"speed":0.0,"direction":{"x":0.03999999910593033,"y":-0.3199999928474426}}}}